Workbook

Sheet Page Sessions
H2: T/L-count | K2: T/L | L2: L/A | M2: A/U | N2: U/S
C3: Date | D3: List of Senders | E3: Amount Entry | F3: UPI PIN Page | G3: Successful Trasfers | H3: Total Traffic/List of Sender | I3: Overall conversion | J3: Overall conversion Same day last week | K3: Total Traffic/List of Sender | L3: List of Senders/Amount Entry | M3: Amount Entry/UPI PIN Page | N3: UPI PIN Page/Successful Trasfers | O3: T/L same day last week | P3: L/A same day last week | Q3: A/U same day last week | R3: U/S same day last week
C4: 43466 | D4: 63328 | E4: 37154 | F4: 24948 | G4: 19299 | H4: ='Total Traffic'!D2-'Page Sessions'!D4 -> 67382 | I4: =G4/D4 -> 0.30474672 | K4: =D4/'Total Traffic'!D2 -> 0.48449239 | L4: =E4/D4 -> 0.58669151 | M4: =F4/E4 -> 0.67147548 | N4: =G4/F4 -> 0.77356902
C5: =C4+1 -> 43467 | D5: 65086 | E5: 38556 | F5: 26754 | G5: 21250 | H5: ='Total Traffic'!D3-'Page Sessions'!D5 -> 65926 | I5: =G5/D5 -> 0.3264911 | K5: =D5/'Total Traffic'!D3 -> 0.49679419 | L5: =E5/D5 -> 0.59238546 | M5: =F5/E5 -> 0.69389978 | N5: =G5/F5 -> 0.79427375
C6: =C5+1 -> 43468 | D6: 64028 | E6: 38071 | F6: 26032 | G6: 20398 | H6: ='Total Traffic'!D4-'Page Sessions'!D6 -> 66696 | I6: =G6/D6 -> 0.31857937 | K6: =D6/'Total Traffic'!D4 -> 0.48979529 | L6: =E6/D6 -> 0.59459924 | M6: =F6/E6 -> 0.68377505 | N6: =G6/F6 -> 0.78357406
C7: =C6+1 -> 43469 | D7: 61501 | E7: 12794 | F7: 8775 | G7: 20328 | H7: ='Total Traffic'!D5-'Page Sessions'!D7 -> 68634 | I7: =G7/D7 -> 0.33053121 | K7: =D7/'Total Traffic'!D5 -> 0.47259384 | L7: =E7/D7 -> 0.20802914 | M7: =F7/E7 -> 0.68586838 | N7: =G7/F7 -> 2.3165812
C8: =C7+1 -> 43470 | D8: 64067 | E8: 38151 | F8: 26171 | G8: 20850 | H8: ='Total Traffic'!D6-'Page Sessions'!D8 -> 66126 | I8: =G8/D8 -> 0.32544055 | K8: =D8/'Total Traffic'!D6 -> 0.49209251 | L8: =E8/D8 -> 0.59548598 | M8: =F8/E8 -> 0.68598464 | N8: =G8/F8 -> 0.79668335
C9: =C8+1 -> 43471 | D9: 62430 | E9: 36502 | F9: 25281 | G9: 19610 | H9: ='Total Traffic'!D7-'Page Sessions'!D9 -> 67687 | I9: =G9/D9 -> 0.31411181 | K9: =D9/'Total Traffic'!D7 -> 0.47979895 | L9: =E9/D9 -> 0.58468685 | M9: =F9/E9 -> 0.69259219 | N9: =G9/F9 -> 0.77568134
C10: =C9+1 -> 43472 | D10: 64677 | E10: 37046 | F10: 24931 | G10: 19358 | H10: ='Total Traffic'!D8-'Page Sessions'!D10 -> 66064 | I10: =G10/D10 -> 0.29930269 | K10: =D10/'Total Traffic'!D8 -> 0.49469562 | L10: =E10/D10 -> 0.57278476 | M10: =F10/E10 -> 0.67297414 | N10: =G10/F10 -> 0.77646304
C11: =C10+1 -> 43473 | D11: 62817 | E11: 37520 | F11: 25704 | G11: 20185 | H11: ='Total Traffic'!D9-'Page Sessions'!D11 -> 67563 | I11: =G11/D11 -> 0.32133021 | J11: =(I11/I4)-1 -> 0.054417314 | K11: =D11/'Total Traffic'!D9 -> 0.48179936 | L11: =E11/D11 -> 0.59729054 | M11: =F11/E11 -> 0.68507463 | N11: =G11/F11 -> 0.78528634 | O11: =(K11/K4)-1 -> -0.0055584609 | P11: =(L11/L4)-1 -> 0.018065766 | Q11: =(M11/M4)-1 -> 0.020252633 | R11: =(N11/N4)-1 -> 0.015147082
C12: =C11+1 -> 43474 | D12: 65291 | E12: 37372 | F12: 25435 | G12: 20096 | H12: ='Total Traffic'!D10-'Page Sessions'!D12 -> 65711 | I12: =G12/D12 -> 0.30779127 | J12: =(I12/I5)-1 -> -0.057275163 | K12: =D12/'Total Traffic'!D10 -> 0.49839697 | L12: =E12/D12 -> 0.57239129 | M12: =F12/E12 -> 0.68058975 | N12: =G12/F12 -> 0.79009239 | O12: =(K12/K5)-1 -> 0.003226254 | P12: =(L12/L5)-1 -> -0.033751951 | Q12: =(M12/M5)-1 -> -0.019181496 | R12: =(N12/N5)-1 -> -0.0052643828
C13: =C12+1 -> 43475 | D13: 62933 | E13: 36721 | F13: 24786 | G13: 19670 | H13: ='Total Traffic'!D11-'Page Sessions'!D13 -> 67581 | I13: =G13/D13 -> 0.31255462 | J13: =(I13/I6)-1 -> -0.0189113 | K13: =D13/'Total Traffic'!D11 -> 0.48219348 | L13: =E13/D13 -> 0.58349356 | M13: =F13/E13 -> 0.67498162 | N13: =G13/F13 -> 0.79359316 | O13: =(K13/K6)-1 -> -0.015520387 | P13: =(L13/L6)-1 -> -0.018677591 | Q13: =(M13/M6)-1 -> -0.012860127 | R13: =(N13/N6)-1 -> 0.012786404
C14: =C13+1 -> 43476 | D14: 62214 | E14: 36948 | F14: 24799 | G14: 19236 | H14: ='Total Traffic'!D12-'Page Sessions'!D14 -> 68792 | I14: =G14/D14 -> 0.30919086 | J14: =(I14/I7)-1 -> -0.064563808 | K14: =D14/'Total Traffic'!D12 -> 0.47489428 | L14: =E14/D14 -> 0.59388562 | M14: =F14/E14 -> 0.67118653 | N14: =G14/F14 -> 0.77567644 | O14: =(K14/K7)-1 -> 0.0048676783 | P14: =(L14/L7)-1 -> 1.8548194 | Q14: =(M14/M7)-1 -> -0.021406211 | R14: =(N14/N7)-1 -> -0.66516328
C15: =C14+1 -> 43477 | D15: 63437 | E15: 36647 | F15: 25187 | G15: 19953 | H15: ='Total Traffic'!D13-'Page Sessions'!D15 -> 67361 | I15: =G15/D15 -> 0.31453253 | J15: =(I15/I8)-1 -> -0.033517722 | K15: =D15/'Total Traffic'!D13 -> 0.48499977 | L15: =E15/D15 -> 0.57769125 | M15: =F15/E15 -> 0.68728682 | N15: =G15/F15 -> 0.79219439 | O15: =(K15/K8)-1 -> -0.014413424 | P15: =(L15/L8)-1 -> -0.02988269 | Q15: =(M15/M8)-1 -> 0.0018982604 | R15: =(N15/N8)-1 -> -0.0056345671
C16: =C15+1 -> 43478 | D16: 63866 | E16: 36742 | F16: 24944 | G16: 19847 | H16: ='Total Traffic'!D14-'Page Sessions'!D16 -> 66501 | I16: =G16/D16 -> 0.31076003 | J16: =(I16/I9)-1 -> -0.010670648 | K16: =D16/'Total Traffic'!D14 -> 0.48989391 | L16: =E16/D16 -> 0.57529828 | M16: =F16/E16 -> 0.67889609 | N16: =G16/F16 -> 0.79566228 | O16: =(K16/K9)-1 -> 0.021039989 | P16: =(L16/L9)-1 -> -0.016057431 | Q16: =(M16/M9)-1 -> -0.01977513 | R16: =(N16/N9)-1 -> 0.025759214
C17: =C16+1 -> 43479 | D17: 63100 | E17: 36194 | F17: 25140 | G17: 19654 | H17: ='Total Traffic'!D15-'Page Sessions'!D17 -> 67625 | I17: =G17/D17 -> 0.31147385 | J17: =(I17/I10)-1 -> 0.040665062 | K17: =D17/'Total Traffic'!D15 -> 0.48269268 | L17: =E17/D17 -> 0.57359746 | M17: =F17/E17 -> 0.69459026 | N17: =G17/F17 -> 0.78178202 | O17: =(K17/K10)-1 -> -0.024263292 | P17: =(L17/L10)-1 -> 0.0014188631 | Q17: =(M17/M10)-1 -> 0.032120288 | R17: =(N17/N10)-1 -> 0.0068502716
C18: =C17+1 -> 43480 | D18: 63409 | E18: 36973 | F18: 25141 | G18: 19863 | H18: ='Total Traffic'!D16-'Page Sessions'!D18 -> 67333 | I18: =G18/D18 -> 0.31325206 | J18: =(I18/I11)-1 -> -0.025139719 | K18: =D18/'Total Traffic'!D16 -> 0.48499335 | L18: =E18/D18 -> 0.58308757 | M18: =F18/E18 -> 0.67998269 | N18: =G18/F18 -> 0.79006404 | O18: =(K18/K11)-1 -> 0.0066292948 | P18: =(L18/L11)-1 -> -0.023778994 | Q18: =(M18/M11)-1 -> -0.0074326746 | R18: =(N18/N11)-1 -> 0.0060840255
C19: =C18+1 -> 43481 | D19: 63731 | E19: 38213 | F19: 26347 | G19: 20418 | H19: ='Total Traffic'!D17-'Page Sessions'!D19 -> 67134 | I19: =G19/D19 -> 0.32037784 | J19: =(I19/I12)-1 -> 0.040893184 | K19: =D19/'Total Traffic'!D17 -> 0.48699805 | L19: =E19/D19 -> 0.59959831 | M19: =F19/E19 -> 0.6894774 | N19: =G19/F19 -> 0.77496489 | O19: =(K19/K12)-1 -> -0.022871166 | P19: =(L19/L12)-1 -> 0.0475322 | Q19: =(M19/M12)-1 -> 0.013058758 | R19: =(N19/N12)-1 -> -0.019146496
C20: =C19+1 -> 43482 | D20: 64057 | E20: 37229 | F20: 25777 | G20: 20229 | H20: ='Total Traffic'!D18-'Page Sessions'!D20 -> 66353 | I20: =G20/D20 -> 0.31579687 | J20: =(I20/I13)-1 -> 0.010373377 | K20: =D20/'Total Traffic'!D18 -> 0.49119699 | L20: =E20/D20 -> 0.58118551 | M20: =F20/E20 -> 0.69239034 | N20: =G20/F20 -> 0.78476937 | O20: =(K20/K13)-1 -> 0.018671992 | P20: =(L20/L13)-1 -> -0.0039555706 | Q20: =(M20/M13)-1 -> 0.025791403 | R20: =(N20/N13)-1 -> -0.011118782
C21: =C20+1 -> 43483 | D21: 62578 | E21: 36226 | F21: 24329 | G21: 18845 | H21: ='Total Traffic'!D19-'Page Sessions'!D21 -> 67902 | I21: =G21/D21 -> 0.30114417 | J21: =(I21/I14)-1 -> -0.026024978 | K21: =D21/'Total Traffic'!D19 -> 0.47959841 | L21: =E21/D21 -> 0.57889354 | M21: =F21/E21 -> 0.67158947 | N21: =G21/F21 -> 0.77459 | O21: =(K21/K14)-1 -> 0.0099056283 | P21: =(L21/L14)-1 -> -0.025244052 | Q21: =(M21/M14)-1 -> 0.00060033044 | R21: =(N21/N14)-1 -> -0.0014006395
C22: =C21+1 -> 43484 | D22: 63787 | E22: 37162 | F22: 25530 | G22: 19811 | H22: ='Total Traffic'!D20-'Page Sessions'!D22 -> 67275 | I22: =G22/D22 -> 0.31058053 | J22: =(I22/I15)-1 -> -0.012564686 | K22: =D22/'Total Traffic'!D20 -> 0.48669332 | L22: =E22/D22 -> 0.5825952 | M22: =F22/E22 -> 0.68699209 | N22: =G22/F22 -> 0.77598903 | O22: =(K22/K15)-1 -> 0.0034918575 | P22: =(L22/L15)-1 -> 0.0084888717 | Q22: =(M22/M15)-1 -> -0.00042882938 | R22: =(N22/N15)-1 -> -0.020456284
... C824: =C823+1 -> 44286 | D824: 63111 | E824: 36907 | F824: 25668 | G824: 20329 | H824: ='Total Traffic'!D822-'Page Sessions'!D824 -> 67689 | I824: =G824/D824 -> 0.322115 | J824: =(I824/I817)-1 -> 0.013267835 | K824: =D824/'Total Traffic'!D822 -> 0.4825 | L824: =E824/D824 -> 0.58479504 | M824: =F824/E824 -> 0.69547782 | N824: =G824/F824 -> 0.79199782 | O824: =(K824/K817)-1 -> -0.016504167 | P824: =(L824/L817)-1 -> 0.0037923588 | Q824: =(M824/M817)-1 -> 0.018451177 | R824: =(N824/N817)-1 -> -0.0088482396

Sheet Total Traffic
A1: Date | B1: P2P | C1: Retail | D1: Total Traffic | F1: P2P same day last week | G1: Retail same day last week
A2: 43466 | B2: 30060 | C2: 100650 | D2: =SUM(B2:C2) -> 130710
A3: =A2+1 -> 43467 | B3: 30041 | C3: 100971 | D3: =SUM(B3:C3) -> 131012
A4: =A3+1 -> 43468 | B4: 30088 | C4: 100636 | D4: =SUM(B4:C4) -> 130724
A5: =A4+1 -> 43469 | B5: 30043 | C5: 100092 | D5: =SUM(B5:C5) -> 130135
A6: =A5+1 -> 43470 | B6: 30044 | C6: 100149 | D6: =SUM(B6:C6) -> 130193
A7: =A6+1 -> 43471 | B7: 30070 | C7: 100047 | D7: =SUM(B7:C7) -> 130117
A8: =A7+1 -> 43472 | B8: 30007 | C8: 100734 | D8: =SUM(B8:C8) -> 130741
A9: =A8+1 -> 43473 | B9: 30090 | C9: 100290 | D9: =SUM(B9:C9) -> 130380 | F9: =(B9/B2)-1 -> 0.00099800399 | G9: =(C9/C2)-1 -> -0.0035767511
A10: =A9+1 -> 43474 | B10: 30026 | C10: 100976 | D10: =SUM(B10:C10) -> 131002 | F10: =(B10/B3)-1 -> -0.0004993176 | G10: =(C10/C3)-1 -> 4.9519169e-05
A11: =A10+1 -> 43475 | B11: 30089 | C11: 100425 | D11: =SUM(B11:C11) -> 130514 | F11: =(B11/B4)-1 -> 3.3235842e-05 | G11: =(C11/C4)-1 -> -0.0020966652
A12: =A11+1 -> 43476 | B12: 30021 | C12: 100985 | D12: =SUM(B12:C12) -> 131006 | F12: =(B12/B5)-1 -> -0.00073228373 | G12: =(C12/C5)-1 -> 0.008921792
A13: =A12+1 -> 43477 | B13: 30030 | C13: 100768 | D13: =SUM(B13:C13) -> 130798 | F13: =(B13/B6)-1 -> -0.00046598322 | G13: =(C13/C6)-1 -> 0.0061807906
A14: =A13+1 -> 43478 | B14: 30096 | C14: 100271 | D14: =SUM(B14:C14) -> 130367 | F14: =(B14/B7)-1 -> 0.00086464915 | G14: =(C14/C7)-1 -> 0.0022389477
A15: =A14+1 -> 43479 | B15: 30092 | C15: 100633 | D15: =SUM(B15:C15) -> 130725 | F15: =(B15/B8)-1 -> 0.0028326724 | G15: =(C15/C8)-1 -> -0.0010026406
A16: =A15+1 -> 43480 | B16: 30050 | C16: 100692 | D16: =SUM(B16:C16) -> 130742 | F16: =(B16/B9)-1 -> -0.0013293453 | G16: =(C16/C9)-1 -> 0.0040083757
A17: =A16+1 -> 43481 | B17: 30011 | C17: 100854 | D17: =SUM(B17:C17) -> 130865 | F17: =(B17/B10)-1 -> -0.00049956704 | G17: =(C17/C10)-1 -> -0.0012082079
A18: =A17+1 -> 43482 | B18: 30056 | C18: 100354 | D18: =SUM(B18:C18) -> 130410 | F18: =(B18/B11)-1 -> -0.0010967463 | G18: =(C18/C11)-1 -> -0.00070699527
A19: =A18+1 -> 43483 | B19: 30030 | C19: 100450 | D19: =SUM(B19:C19) -> 130480 | F19: =(B19/B12)-1 -> 0.00029979015 | G19: =(C19/C12)-1 -> -0.0052978165
A20: =A19+1 -> 43484 | B20: 30098 | C20: 100964 | D20: =SUM(B20:C20) -> 131062 | F20: =(B20/B13)-1 -> 0.0022644023 | G20: =(C20/C13)-1 -> 0.0019450619
... A822: =A821+1 -> 44286 | B822: 30069 | C822: 100731 | D822: =SUM(B822:C822) -> 130800 | F822: =(B822/B815)-1 -> 0.0011320127 | G822: =(C822/C815)-1 -> -0.00094221729
